pdb_filename,rmsd_init,score_init,rmsd_relax,score_relax
1_5isv_A_m11_a17.50_s1_0_-17.50_SC.pdb,0,0.10187200614400228,0,-1.5201697106057093
1_2cns_A_m12_a5.00_s1_0_-5.00_SC.pdb,0,-0.0069810756107466735,0,-1.4855264060375226
1_5k18_B_m9_a5.00_s1_0_-5.00_SC.pdb,0,1.0827703086600724,0,-0.2121671933147837
1_3tfy_C_m7_a5.00_s1_0_-5.00_SC.pdb,0,23.983531396696826,0,-1.0176865257527998
1_5icv_A_m12_a5.00_s1_0_-5.00_SC.pdb,0,3.1363706379100975,0,-1.4047974370519116
1_1s7l_A_m12_a5.00_s1_0_-5.00_SC.pdb,0,5.683664619209266,0,-1.7680773455096526
1_5isv_A_m12_a5.00_s1_0_-5.00_SC.pdb,0,22.93685342808161,0,-1.76897065686724
1_4kvm_E_m7_a11.25_s1_0_-11.25_SC.pdb,0,-0.1708242352508613,0,-0.010784049075378985
1_3tfy_C_m8_a5.00_s1_0_-5.00_SC.pdb,0,7.329815051548558,0,-0.9435105469296693
1_1s7l_A_m8_a17.50_s1_0_-17.50_SC.pdb,0,7.4399503343142515,0,-0.17200847931889973
1_3igr_A_m9_a5.00_s1_0_-5.00_SC.pdb,0,6.2030642965576215,0,-1.2380890689651989
1_5isv_A_m8_a17.50_s1_0_-17.50_SC.pdb,0,3.5700189199021657,0,1.8408975896085045
1_1s7l_A_m11_a11.25_s1_0_-11.25_SC.pdb,0,6.022603126525205,0,-0.8801033207853769
1_4u9v_B_m9_a23.75_s1_0_-23.75_SC.pdb,0,4.852955385185047,0,1.4138761639761561
1_1s7l_A_m12_a23.75_s1_0_-23.75_SC.pdb,0,17.367498631529294,0,0.16471619387873798
1_1s7l_A_m9_a23.75_s1_0_-23.75_SC.pdb,0,10.928501207744867,0,0.8187870985848904
1_4kvm_E_m9_a5.00_s1_0_-5.00_SC.pdb,0,4.801027549119149,0,-0.2688604557593993
1_5hh0_A_m10_a11.25_s1_0_-11.25_SC.pdb,0,5.084403489512032,0,0.6697700864625966
1_5isv_A_m9_a23.75_s1_0_-23.75_SC.pdb,0,15.309249574034226,0,-0.4478118000079968
1_4kvm_E_m11_a17.50_s1_0_-17.50_SC.pdb,0,5.132790065946232,0,1.1603693625173965
1_5icv_A_m9_a5.00_s1_0_-5.00_SC.pdb,0,33.805850646612264,0,-0.08562243090363347
1_2x7b_A_m9_a11.25_s1_0_-11.25_SC.pdb,0,2.5723353727380065,0,-0.5230736818348196
1_2z0z_A_m7_a11.25_s1_0_-11.25_SC.pdb,0,18.791394616866103,0,-1.8978460007606859
1_3tfy_C_m10_a17.50_s1_0_-17.50_SC.pdb,0,2.5341223041664067,0,2.3630208957390972
1_2cns_A_m9_a17.50_s1_0_-17.50_SC.pdb,0,2.7426765437252496,0,-0.5874320597588463
1_4kvm_E_m8_a11.25_s1_0_-11.25_SC.pdb,0,11.742445779096826,0,0.6146084435948824
1_5hh0_A_m12_a17.50_s1_0_-17.50_SC.pdb,0,6.651893861231974,0,-0.04244201932086277
1_2x7b_A_m11_a17.50_s1_0_-17.50_SC.pdb,0,16.058666342469238,0,0.545049925167791
1_4u9v_B_m10_a5.00_s1_0_-5.00_SC.pdb,0,4.883593052497311,0,-1.3293399189378754
1_5wjd_A_m12_a23.75_s1_0_-23.75_SC.pdb,0,10.371744895892894,0,2.5767213148960324
1_5k18_B_m8_a11.25_s1_0_-11.25_SC.pdb,0,5.745465591157764,0,0.22382147041435863
1_2cns_A_m11_a17.50_s1_0_-17.50_SC.pdb,0,1.8660763999475094,0,1.2920809491339913
1_3tfy_C_m10_a5.00_s1_0_-5.00_SC.pdb,0,-0.1769716577404228,0,-0.8366545982431646
1_2z0z_A_m11_a5.00_s1_0_-5.00_SC.pdb,0,32.297747223316776,0,-2.325080258200081
1_4u9v_B_m7_a17.50_s1_0_-17.50_SC.pdb,0,2.1484637611851003,0,0.29031367445308454
1_2cns_A_m7_a23.75_s1_0_-23.75_SC.pdb,0,2.099769116307103,0,-0.03713036547029127
1_3igr_A_m8_a23.75_s1_0_-23.75_SC.pdb,0,33.91831463359031,0,3.034411785962307
1_3igr_A_m10_a11.25_s1_0_-11.25_SC.pdb,0,43.12948658104544,0,-0.0394009248967066
1_3tfy_C_m8_a11.25_s1_0_-11.25_SC.pdb,0,35.45222134774136,0,-0.35120251349616843
1_5icv_A_m11_a11.25_s1_0_-11.25_SC.pdb,0,0.7162511335761295,0,0.3790124806561408
1_5wjd_A_m9_a11.25_s1_0_-11.25_SC.pdb,0,6.02790862229992,0,0.38872079823375766
1_1s7l_A_m7_a17.50_s1_0_-17.50_SC.pdb,0,9.897464014536597,0,-0.3657615626732909
1_5isv_A_m7_a17.50_s1_0_-17.50_SC.pdb,0,3.317260682071432,0,3.599325767243713
1_5k18_B_m11_a11.25_s1_0_-11.25_SC.pdb,0,3.7180285931373036,0,0.21024813326798675
1_5icv_A_m11_a17.50_s1_0_-17.50_SC.pdb,0,9.147862620422027,0,0.7138562069871565
1_2z0z_A_m11_a17.50_s1_0_-17.50_SC.pdb,0,2.8427320322784126,0,-0.563669702389642
1_5hh0_A_m9_a11.25_s1_0_-11.25_SC.pdb,0,15.464739848299496,0,-0.0923858289122821
1_2cns_A_m9_a5.00_s1_0_-5.00_SC.pdb,0,17.0814023847895,0,-1.3539601401013965
1_2x7b_A_m11_a5.00_s1_0_-5.00_SC.pdb,0,47.29171362785396,0,-1.595131541212965
1_5icv_A_m8_a11.25_s1_0_-11.25_SC.pdb,0,5.365880009763698,0,-1.0627997976582073
1_5isv_A_m10_a23.75_s1_0_-23.75_SC.pdb,0,25.234105007014374,0,-1.5752031005006106
1_5hh0_A_m12_a11.25_s1_0_-11.25_SC.pdb,0,32.073957737192366,0,-0.6793431104145423
1_3tfy_C_m12_a11.25_s1_0_-11.25_SC.pdb,0,1.9691535760604877,0,-0.3099700580850323
1_5k18_B_m12_a23.75_s1_0_-23.75_SC.pdb,0,15.848146055291341,0,3.063874061823623
1_2x7b_A_m11_a11.25_s1_0_-11.25_SC.pdb,0,2.296718479618367,0,-0.7134555633658247
1_2cns_A_m8_a23.75_s1_0_-23.75_SC.pdb,0,-0.8035614150148428,0,-0.07510382101407043
1_4u9v_B_m10_a11.25_s1_0_-11.25_SC.pdb,0,4.989779162915376,0,-0.46549396627526873
1_5k18_B_m11_a5.00_s1_0_-5.00_SC.pdb,0,4.418409506777711,0,-0.3211758340528833
1_5k18_B_m11_a17.50_s1_0_-17.50_SC.pdb,0,31.126383934042554,0,1.5968112458776713
1_4kvm_E_m10_a23.75_s1_0_-23.75_SC.pdb,0,19.258722165674968,0,2.9738249805022976
1_3tfy_C_m7_a11.25_s1_0_-11.25_SC.pdb,0,24.75822545433075,0,-0.46821672363880534
1_3tfy_C_m11_a23.75_s1_0_-23.75_SC.pdb,0,27.493878031878435,0,1.7833112746191382
1_4pv6_A_m10_a11.25_s1_0_-11.25_SC.pdb,0,2.496530364237527,0,0.4179226394848321
1_5hh0_A_m9_a5.00_s1_0_-5.00_SC.pdb,0,-0.43755998656942385,0,-0.7844962351584234
1_5icv_A_m7_a11.25_s1_0_-11.25_SC.pdb,0,1.314916557594718,0,-1.2779411750217244
1_3igr_A_m9_a17.50_s1_0_-17.50_SC.pdb,0,-0.6349114410767874,0,1.3227269901459093
1_5wjd_A_m7_a23.75_s1_0_-23.75_SC.pdb,0,1.38161162816932,0,2.4424484705577916
1_5icv_A_m12_a23.75_s1_0_-23.75_SC.pdb,0,5.08054720891323,0,3.615559501026702
1_5isv_A_m11_a5.00_s1_0_-5.00_SC.pdb,0,30.69787765560939,0,-1.7707317681101864
1_4u9v_B_m8_a17.50_s1_0_-17.50_SC.pdb,0,0.5235600812895476,0,0.6452917528421422
1_2cns_A_m10_a23.75_s1_0_-23.75_SC.pdb,0,7.142343959912555,0,0.8428455715284805
1_2x7b_A_m10_a23.75_s1_0_-23.75_SC.pdb,0,-0.02976768348440459,0,3.0175730224219675
1_2z0z_A_m10_a23.75_s1_0_-23.75_SC.pdb,0,1.8779243762681104,0,0.875164806960817
1_5wjd_A_m8_a5.00_s1_0_-5.00_SC.pdb,0,7.948806549283663,0,-0.8499915069204882
1_4pv6_A_m9_a11.25_s1_0_-11.25_SC.pdb,0,3.909122375107778,0,0.40679506134790816
1_5wjd_A_m11_a11.25_s1_0_-11.25_SC.pdb,0,16.57469892872411,0,-0.47203486264178063
1_4pv6_A_m7_a5.00_s1_0_-5.00_SC.pdb,0,2.0601560861606014,0,0.24052610278371175
1_3igr_A_m7_a23.75_s1_0_-23.75_SC.pdb,0,3.101521066281986,0,2.3020019745455143
1_4pv6_A_m12_a17.50_s1_0_-17.50_SC.pdb,0,6.711774958177571,0,0.5929291027007239
1_4pv6_A_m8_a23.75_s1_0_-23.75_SC.pdb,0,17.80119579827054,0,0.5213758971587867
1_5isv_A_m7_a11.25_s1_0_-11.25_SC.pdb,0,1.5599719307252642,0,1.8778427206437374
1_5hh0_A_m12_a5.00_s1_0_-5.00_SC.pdb,0,18.87113363672256,0,-1.2040563241840958
1_5hh0_A_m10_a17.50_s1_0_-17.50_SC.pdb,0,-0.9612455300851573,0,0.6258512770093777
1_4pv6_A_m12_a11.25_s1_0_-11.25_SC.pdb,0,0.9732657476248308,0,0.6249637003858926
1_5k18_B_m7_a11.25_s1_0_-11.25_SC.pdb,0,4.504214049603693,0,0.10556464398295341
1_5hh0_A_m9_a17.50_s1_0_-17.50_SC.pdb,0,23.64247316109758,0,-0.0836451771505107
1_4u9v_B_m12_a17.50_s1_0_-17.50_SC.pdb,0,5.048929976092547,0,0.40149325765448685
1_4pv6_A_m9_a17.50_s1_0_-17.50_SC.pdb,0,4.709742091417535,0,0.4688302663534959
1_4pv6_A_m12_a5.00_s1_0_-5.00_SC.pdb,0,40.86072652402434,0,0.6416057139616004
1_3igr_A_m10_a17.50_s1_0_-17.50_SC.pdb,0,49.161025085922496,0,2.466392338396065
1_2z0z_A_m8_a11.25_s1_0_-11.25_SC.pdb,0,5.115996335085464,0,-1.3348995551566187
1_5k18_B_m9_a23.75_s1_0_-23.75_SC.pdb,0,14.736548305019673,0,3.5641103877376206
1_4pv6_A_m7_a23.75_s1_0_-23.75_SC.pdb,0,6.766564867691829,0,0.4463426739840098
1_1s7l_A_m7_a11.25_s1_0_-11.25_SC.pdb,0,0.337562933779391,0,-1.2918312655972224
1_4kvm_E_m7_a17.50_s1_0_-17.50_SC.pdb,0,7.009681938245823,0,0.4979904357644886
1_4kvm_E_m9_a23.75_s1_0_-23.75_SC.pdb,0,0.2515993069170541,0,3.7880786875842265
1_2x7b_A_m7_a23.75_s1_0_-23.75_SC.pdb,0,14.478655485906952,0,1.557277027627619
1_3igr_A_m12_a17.50_s1_0_-17.50_SC.pdb,0,14.991916250976681,0,1.1491075208636619
1_5hh0_A_m11_a5.00_s1_0_-5.00_SC.pdb,0,4.610991631622302,0,-1.209769366418967
1_5hh0_A_m8_a23.75_s1_0_-23.75_SC.pdb,0,3.720787050344458,0,0.3000836041347788
1_5wjd_A_m9_a17.50_s1_0_-17.50_SC.pdb,0,12.936352764169655,0,0.2472792024271826
1_2z0z_A_m8_a17.50_s1_0_-17.50_SC.pdb,0,15.447939926518028,0,-0.04958422107365593
1_5icv_A_m11_a5.00_s1_0_-5.00_SC.pdb,0,7.397455458018285,0,0.33142065472869264
1_5wjd_A_m11_a17.50_s1_0_-17.50_SC.pdb,0,27.591253936010848,0,0.789124003914124
1_1s7l_A_m10_a23.75_s1_0_-23.75_SC.pdb,0,13.062712250573776,0,0.8769395352553058
1_3igr_A_m11_a23.75_s1_0_-23.75_SC.pdb,0,4.395625364350183,0,1.2278434175850934
1_3igr_A_m12_a11.25_s1_0_-11.25_SC.pdb,0,3.7019339777799702,0,-0.20382871399861535
1_5icv_A_m9_a23.75_s1_0_-23.75_SC.pdb,0,2.49043454666626,0,3.4267300407363885
1_4pv6_A_m8_a5.00_s1_0_-5.00_SC.pdb,0,12.364225157932408,0,0.3138722919637018
1_5k18_B_m7_a17.50_s1_0_-17.50_SC.pdb,0,2.473210313063794,0,1.0077506465814552
1_5isv_A_m8_a11.25_s1_0_-11.25_SC.pdb,0,19.607516691984294,0,-0.22171173118131512
1_2cns_A_m11_a5.00_s1_0_-5.00_SC.pdb,0,0.5483806343172728,0,-1.1465122567089983
1_5wjd_A_m7_a5.00_s1_0_-5.00_SC.pdb,0,3.173682980007346,0,0.5340914802472632
1_5isv_A_m11_a11.25_s1_0_-11.25_SC.pdb,0,12.983440556616332,0,-1.6286024921080762
1_1s7l_A_m11_a5.00_s1_0_-5.00_SC.pdb,0,40.07389283893016,0,-1.6351910795952564
1_4u9v_B_m8_a5.00_s1_0_-5.00_SC.pdb,0,8.07481086838279,0,-1.2690877726698528
1_4u9v_B_m11_a23.75_s1_0_-23.75_SC.pdb,0,13.414452877929982,0,1.9737955089885058
1_4kvm_E_m12_a23.75_s1_0_-23.75_SC.pdb,0,44.54825357955324,0,2.6810342074628633
1_4u9v_B_m12_a11.25_s1_0_-11.25_SC.pdb,0,1.0894441897236156,0,-0.46040627869824785
1_4pv6_A_m11_a23.75_s1_0_-23.75_SC.pdb,0,6.976979846354972,0,0.9305812559577484
1_1s7l_A_m8_a11.25_s1_0_-11.25_SC.pdb,0,7.386782835123541,0,-1.2161048788690854
1_1s7l_A_m9_a5.00_s1_0_-5.00_SC.pdb,0,108.92538496390793,0,-1.7506972703844008
1_2x7b_A_m8_a23.75_s1_0_-23.75_SC.pdb,0,1.9607205329880883,0,1.6918293969628986
1_5icv_A_m10_a23.75_s1_0_-23.75_SC.pdb,0,-0.5026445425701439,0,1.7612914507845208
1_5wjd_A_m8_a23.75_s1_0_-23.75_SC.pdb,0,31.52190513854714,0,3.21735111659319
1_5k18_B_m12_a5.00_s1_0_-5.00_SC.pdb,0,6.854438869837157,0,-0.17044987701263495
1_5k18_B_m10_a23.75_s1_0_-23.75_SC.pdb,0,5.231651085904183,0,3.8242590747431993
1_3igr_A_m9_a11.25_s1_0_-11.25_SC.pdb,0,5.114162975528394,0,-0.27488320736289007
1_2z0z_A_m11_a11.25_s1_0_-11.25_SC.pdb,0,21.78550894596913,0,-1.4678875168991399
1_5wjd_A_m10_a5.00_s1_0_-5.00_SC.pdb,0,20.548762175004885,0,-0.20427534730468394
1_4u9v_B_m10_a17.50_s1_0_-17.50_SC.pdb,0,14.213049982516258,0,0.4323712740773527
1_2cns_A_m12_a23.75_s1_0_-23.75_SC.pdb,0,0.5454385608957008,0,0.9323358041688882
1_5wjd_A_m10_a23.75_s1_0_-23.75_SC.pdb,0,0.34593878063501227,0,1.7568708516283515
1_2z0z_A_m12_a23.75_s1_0_-23.75_SC.pdb,0,2.472721965892452,0,2.113561004989474
1_5icv_A_m7_a17.50_s1_0_-17.50_SC.pdb,0,28.446840032867193,0,-0.5347314297975272
1_4pv6_A_m10_a17.50_s1_0_-17.50_SC.pdb,0,3.9109374950421305,0,0.4098125057820869
1_5hh0_A_m11_a23.75_s1_0_-23.75_SC.pdb,0,11.117572374579309,0,0.594158676713629
1_2z0z_A_m12_a5.00_s1_0_-5.00_SC.pdb,0,30.17838602322308,0,-2.3310460037337104
1_4u9v_B_m7_a5.00_s1_0_-5.00_SC.pdb,0,-0.11342307295227876,0,-1.3057735129765857
1_3tfy_C_m12_a17.50_s1_0_-17.50_SC.pdb,0,13.74229714352518,0,0.6190463175726676
1_2x7b_A_m9_a5.00_s1_0_-5.00_SC.pdb,0,2.073491853554273,0,-1.578454903153797
1_2x7b_A_m12_a23.75_s1_0_-23.75_SC.pdb,0,8.589009278766353,0,5.41896240383569
1_4u9v_B_m8_a11.25_s1_0_-11.25_SC.pdb,0,4.710737550946511,0,-0.5820946817142199
1_3tfy_C_m8_a17.50_s1_0_-17.50_SC.pdb,0,10.469827451299583,0,0.7860110762482283
1_2x7b_A_m12_a5.00_s1_0_-5.00_SC.pdb,0,-0.5096445137470424,0,-1.5332112141508247
1_3tfy_C_m7_a17.50_s1_0_-17.50_SC.pdb,0,-0.9297428146821074,0,0.33767432328624747
1_4kvm_E_m10_a5.00_s1_0_-5.00_SC.pdb,0,9.659269213916044,0,-0.3437909507755809
1_5isv_A_m7_a5.00_s1_0_-5.00_SC.pdb,0,3.3745941593911737,0,-1.3299492480547062
1_5k18_B_m8_a17.50_s1_0_-17.50_SC.pdb,0,11.815434562131847,0,1.3416202066582177
1_5icv_A_m8_a17.50_s1_0_-17.50_SC.pdb,0,28.935251882419095,0,0.005857111550671252
1_3tfy_C_m9_a23.75_s1_0_-23.75_SC.pdb,0,1.4158987241339254,0,2.5779716838110818
1_2cns_A_m11_a11.25_s1_0_-11.25_SC.pdb,0,-0.4789913556408273,0,-0.23102033440335343
1_2cns_A_m9_a11.25_s1_0_-11.25_SC.pdb,0,0.6242159765434522,0,-0.9590800032360476
1_4u9v_B_m7_a11.25_s1_0_-11.25_SC.pdb,0,26.76959303536932,0,-0.7489857858055269
1_4pv6_A_m11_a5.00_s1_0_-5.00_SC.pdb,0,56.40476303705097,0,0.5832331774949955
1_3tfy_C_m10_a11.25_s1_0_-11.25_SC.pdb,0,8.873257219522609,0,0.13061038120813426
1_4kvm_E_m8_a17.50_s1_0_-17.50_SC.pdb,0,66.88177589120306,0,2.003557637563193
1_3tfy_C_m11_a5.00_s1_0_-5.00_SC.pdb,0,-0.7183273686251155,0,-0.9599060989683138
1_5isv_A_m12_a23.75_s1_0_-23.75_SC.pdb,0,0.19289293681660963,0,-1.4470665663069429
1_5isv_A_m8_a5.00_s1_0_-5.00_SC.pdb,0,12.172682249644533,0,-1.8183573241588964
1_3igr_A_m10_a5.00_s1_0_-5.00_SC.pdb,0,2.3184025158301145,0,-0.9371571376849926
1_1s7l_A_m12_a11.25_s1_0_-11.25_SC.pdb,0,1.21922004692771,0,-1.305619619402734
1_2z0z_A_m7_a17.50_s1_0_-17.50_SC.pdb,0,23.32978141377015,0,-0.982755180002196
1_4kvm_E_m11_a11.25_s1_0_-11.25_SC.pdb,0,13.84144266251085,0,0.2258214685966045
1_3tfy_C_m9_a17.50_s1_0_-17.50_SC.pdb,0,-1.358170089224288,0,0.9033341723088856
1_4kvm_E_m12_a17.50_s1_0_-17.50_SC.pdb,0,21.602327347920603,0,1.5670630738573645
1_4pv6_A_m7_a17.50_s1_0_-17.50_SC.pdb,0,2.8427612214558406,0,0.3309399071740809
1_2z0z_A_m9_a23.75_s1_0_-23.75_SC.pdb,0,0.022233870704151056,0,0.8842468481378211
1_5hh0_A_m10_a23.75_s1_0_-23.75_SC.pdb,0,1.6047929155328928,0,0.6266507644285704
1_5wjd_A_m12_a5.00_s1_0_-5.00_SC.pdb,0,2.683399283142089,0,-0.2213244646011561
1_5k18_B_m7_a23.75_s1_0_-23.75_SC.pdb,0,16.23870850271504,0,1.9616313163660575
1_2x7b_A_m10_a5.00_s1_0_-5.00_SC.pdb,0,5.29243157059068,0,-1.6313012927058668
1_1s7l_A_m11_a17.50_s1_0_-17.50_SC.pdb,0,23.800580069607317,0,0.3194968376561872
1_4kvm_E_m10_a11.25_s1_0_-11.25_SC.pdb,0,31.883026720914135,0,0.2814013825479875
1_4pv6_A_m9_a23.75_s1_0_-23.75_SC.pdb,0,11.399571220799773,0,0.4841906340776152
1_3tfy_C_m11_a11.25_s1_0_-11.25_SC.pdb,0,13.005515891646018,0,-0.39513474731733506
1_2z0z_A_m8_a23.75_s1_0_-23.75_SC.pdb,0,21.237672457066676,0,1.7217442474174207
1_2z0z_A_m9_a5.00_s1_0_-5.00_SC.pdb,0,1.3539473276725316,0,-2.356482386750638
1_4kvm_E_m9_a17.50_s1_0_-17.50_SC.pdb,0,32.354905991049094,0,2.0302374332162407
1_2cns_A_m8_a11.25_s1_0_-11.25_SC.pdb,0,-0.8990478534419838,0,-0.9655317428303226
1_2x7b_A_m9_a17.50_s1_0_-17.50_SC.pdb,0,29.322598428484305,0,1.0201326607958814
1_1s7l_A_m10_a17.50_s1_0_-17.50_SC.pdb,0,17.625348664367248,0,-0.26774696481170157
1_5k18_B_m9_a17.50_s1_0_-17.50_SC.pdb,0,-0.7254810791539311,0,1.8218556093821106
1_4kvm_E_m7_a23.75_s1_0_-23.75_SC.pdb,0,4.131463677490955,0,1.3151801878563298
1_5hh0_A_m7_a23.75_s1_0_-23.75_SC.pdb,0,4.4789001028418625,0,0.21317699773736795
1_2cns_A_m10_a11.25_s1_0_-11.25_SC.pdb,0,4.790207379603441,0,-0.6716066957546655
1_2z0z_A_m12_a17.50_s1_0_-17.50_SC.pdb,0,1.8999433296116879,0,0.1725163250617854
1_2x7b_A_m8_a17.50_s1_0_-17.50_SC.pdb,0,53.45087847160997,0,0.4842027315487349
1_4kvm_E_m8_a5.00_s1_0_-5.00_SC.pdb,0,14.749312806660214,0,-0.27392801712407777
1_3tfy_C_m9_a5.00_s1_0_-5.00_SC.pdb,0,14.232369832198835,0,-0.963712999189034
1_5hh0_A_m8_a17.50_s1_0_-17.50_SC.pdb,0,2.3771692763794654,0,-0.2954771228247628
1_5wjd_A_m8_a17.50_s1_0_-17.50_SC.pdb,0,6.785633550447579,0,3.1264633538632096
1_4u9v_B_m11_a5.00_s1_0_-5.00_SC.pdb,0,4.499136219840618,0,-1.1095959400138597
1_3tfy_C_m8_a23.75_s1_0_-23.75_SC.pdb,0,1.7927530375803695,0,2.6831734328905226
1_2x7b_A_m7_a17.50_s1_0_-17.50_SC.pdb,0,31.311243155626716,0,0.47771229002802473
1_5wjd_A_m10_a17.50_s1_0_-17.50_SC.pdb,0,59.466136759340415,0,2.2349273949896262
1_5isv_A_m10_a11.25_s1_0_-11.25_SC.pdb,0,30.280975015683197,0,-1.7008425398289984
1_3igr_A_m11_a17.50_s1_0_-17.50_SC.pdb,0,10.983924209035282,0,0.49389456160453
1_2z0z_A_m9_a17.50_s1_0_-17.50_SC.pdb,0,28.95429313646941,0,-0.46220969532673106
1_3tfy_C_m12_a23.75_s1_0_-23.75_SC.pdb,0,1.9114899762657367,0,1.9447538030312854
1_5hh0_A_m9_a23.75_s1_0_-23.75_SC.pdb,0,-0.4175773460645772,0,0.2610105277452426
1_4kvm_E_m12_a5.00_s1_0_-5.00_SC.pdb,0,3.6085162071337225,0,-0.30277920970851707
1_1s7l_A_m11_a23.75_s1_0_-23.75_SC.pdb,0,34.336893960398754,0,1.7551177745702975
1_5icv_A_m8_a23.75_s1_0_-23.75_SC.pdb,0,0.9109470006772277,0,1.1289100891489967
1_5isv_A_m12_a17.50_s1_0_-17.50_SC.pdb,0,23.538692104755757,0,-1.5673771356725634
1_5k18_B_m8_a5.00_s1_0_-5.00_SC.pdb,0,32.84963447067718,0,-0.3645829894635524
1_3igr_A_m10_a23.75_s1_0_-23.75_SC.pdb,0,11.42093056171805,0,3.5246513764071032
1_5hh0_A_m7_a17.50_s1_0_-17.50_SC.pdb,0,2.1537461965165345,0,-0.24985153024899895
1_5isv_A_m9_a11.25_s1_0_-11.25_SC.pdb,0,2.744034609772053,0,-1.646056654296291
1_5wjd_A_m12_a11.25_s1_0_-11.25_SC.pdb,0,1.9594737231891723,0,0.5203996444142459
1_1s7l_A_m9_a11.25_s1_0_-11.25_SC.pdb,0,14.140695848805981,0,-1.2417049949037258
1_2x7b_A_m9_a23.75_s1_0_-23.75_SC.pdb,0,0.08071983598940695,0,2.5232600133100473
1_4u9v_B_m11_a17.50_s1_0_-17.50_SC.pdb,0,4.6530410016554455,0,0.7526629024434618
1_4u9v_B_m10_a23.75_s1_0_-23.75_SC.pdb,0,29.463085692410672,0,1.3171506536920692
1_2cns_A_m7_a11.25_s1_0_-11.25_SC.pdb,0,19.756052956159476,0,-1.0843849622173878
1_3igr_A_m8_a11.25_s1_0_-11.25_SC.pdb,0,3.307033379043393,0,-0.12444218767849814
1_2cns_A_m12_a17.50_s1_0_-17.50_SC.pdb,0,3.2949335957721804,0,0.036949868027310886
1_3tfy_C_m7_a23.75_s1_0_-23.75_SC.pdb,0,3.105632219597216,0,1.1681191155517219
1_4pv6_A_m10_a23.75_s1_0_-23.75_SC.pdb,0,12.97836174428246,0,0.468191067256102
1_4u9v_B_m9_a11.25_s1_0_-11.25_SC.pdb,0,2.5092003167937302,0,-0.9028500451853495
1_5icv_A_m11_a23.75_s1_0_-23.75_SC.pdb,0,1.9451374448760124,0,1.2607570487374435
1_5wjd_A_m9_a23.75_s1_0_-23.75_SC.pdb,0,27.772818349926524,0,0.5056101507993533
1_4pv6_A_m11_a17.50_s1_0_-17.50_SC.pdb,0,9.000193393602087,0,0.7816703715479517
1_5k18_B_m11_a23.75_s1_0_-23.75_SC.pdb,0,17.932389696690226,0,2.5223005340814932
1_2z0z_A_m10_a11.25_s1_0_-11.25_SC.pdb,0,4.684057658531738,0,-1.7816620543254182
1_2z0z_A_m7_a23.75_s1_0_-23.75_SC.pdb,0,21.13983490646024,0,-0.04734513994873624
1_5wjd_A_m7_a17.50_s1_0_-17.50_SC.pdb,0,43.574173597134376,0,1.9776233562988528
1_4kvm_E_m8_a23.75_s1_0_-23.75_SC.pdb,0,25.565733050002244,0,3.795778452632466
1_3igr_A_m12_a5.00_s1_0_-5.00_SC.pdb,0,4.544226742784934,0,-1.1868322881197397
1_5k18_B_m7_a5.00_s1_0_-5.00_SC.pdb,0,1.38532273323064,0,-0.357457826379664
1_5wjd_A_m11_a23.75_s1_0_-23.75_SC.pdb,0,0.7535713474761305,0,4.415622074979889
1_2x7b_A_m10_a11.25_s1_0_-11.25_SC.pdb,0,14.47032475158522,0,-0.6850513192785785
1_5k18_B_m8_a23.75_s1_0_-23.75_SC.pdb,0,4.0785650463429395,0,2.402437184316164
1_4pv6_A_m8_a17.50_s1_0_-17.50_SC.pdb,0,22.27641152556368,0,0.5120332926726688
1_5icv_A_m9_a17.50_s1_0_-17.50_SC.pdb,0,21.520547975271924,0,0.26887299638559675
1_5k18_B_m10_a5.00_s1_0_-5.00_SC.pdb,0,1.5918486492935444,0,-0.2058934574040846
1_5icv_A_m10_a17.50_s1_0_-17.50_SC.pdb,0,6.7556849590837285,0,0.13946693504587918
1_4pv6_A_m7_a11.25_s1_0_-11.25_SC.pdb,0,1.5169659077819155,0,0.27573301119021304
1_4kvm_E_m7_a5.00_s1_0_-5.00_SC.pdb,0,7.654287339667334,0,-0.3693062874086411
1_2cns_A_m8_a17.50_s1_0_-17.50_SC.pdb,0,11.206274670095164,0,-0.496375131602039
1_5icv_A_m7_a5.00_s1_0_-5.00_SC.pdb,0,-1.5337689451813858,0,-1.2507800019677937
1_1s7l_A_m8_a23.75_s1_0_-23.75_SC.pdb,0,7.543257686858182,0,1.7674081482645416
1_5isv_A_m8_a23.75_s1_0_-23.75_SC.pdb,0,41.169502730400644,0,3.0092345288108966
1_2z0z_A_m10_a5.00_s1_0_-5.00_SC.pdb,0,1.1547375103174764,0,-2.3886301881811947
1_3tfy_C_m11_a17.50_s1_0_-17.50_SC.pdb,0,13.075433388291057,0,0.674267023827963
1_3igr_A_m7_a11.25_s1_0_-11.25_SC.pdb,0,1.160688260965276,0,1.6770457996694503
1_2x7b_A_m8_a11.25_s1_0_-11.25_SC.pdb,0,18.145467972816633,0,-0.6042126703038256
1_3igr_A_m7_a5.00_s1_0_-5.00_SC.pdb,0,8.60353867940468,0,-1.2003372386583013
1_4kvm_E_m10_a17.50_s1_0_-17.50_SC.pdb,0,4.175423471316943,0,1.4964963196042183
1_2x7b_A_m11_a23.75_s1_0_-23.75_SC.pdb,0,64.54014236157417,0,1.077759785454348
1_3igr_A_m11_a5.00_s1_0_-5.00_SC.pdb,0,-0.8488829407459711,0,0.4633422478443029
1_2cns_A_m7_a17.50_s1_0_-17.50_SC.pdb,0,4.130818981591021,0,-0.6229830359051677
1_5k18_B_m10_a17.50_s1_0_-17.50_SC.pdb,0,5.011604411306829,0,2.9457395402905124
1_5wjd_A_m8_a11.25_s1_0_-11.25_SC.pdb,0,18.965044306601744,0,-0.588307745444578
1_2x7b_A_m8_a5.00_s1_0_-5.00_SC.pdb,0,4.580751716581665,0,-1.5729062504051867
1_3tfy_C_m9_a11.25_s1_0_-11.25_SC.pdb,0,9.306722800583291,0,-0.3690482638030029
1_5wjd_A_m7_a11.25_s1_0_-11.25_SC.pdb,0,3.202568323546375,0,0.07340285981919718
1_2z0z_A_m12_a11.25_s1_0_-11.25_SC.pdb,0,0.24704276782602838,0,-1.4696345746373158
1_5isv_A_m9_a5.00_s1_0_-5.00_SC.pdb,0,5.183610999091196,0,-1.7866888194220047
1_3igr_A_m8_a5.00_s1_0_-5.00_SC.pdb,0,8.326742680417983,0,-1.0317734480884573
1_1s7l_A_m12_a17.50_s1_0_-17.50_SC.pdb,0,90.16638310450725,0,-0.6299787064956192
1_4u9v_B_m8_a23.75_s1_0_-23.75_SC.pdb,0,-0.7906739288109895,0,2.5703385477108482
1_5k18_B_m12_a11.25_s1_0_-11.25_SC.pdb,0,29.015827702479353,0,0.8801060224862299
1_3tfy_C_m10_a23.75_s1_0_-23.75_SC.pdb,0,7.394849077325885,0,6.841663197193181
1_2cns_A_m12_a11.25_s1_0_-11.25_SC.pdb,0,-0.36598573873371176,0,-0.8426342901050404
1_5isv_A_m12_a11.25_s1_0_-11.25_SC.pdb,0,13.257008775221921,0,-1.7258445318441382
1_3igr_A_m9_a23.75_s1_0_-23.75_SC.pdb,0,12.632492919091488,0,3.182432968547141
1_5icv_A_m8_a5.00_s1_0_-5.00_SC.pdb,0,0.29021776816853256,0,-1.6468004610926053
1_5k18_B_m9_a11.25_s1_0_-11.25_SC.pdb,0,32.638047091319436,0,0.5224884938940272
1_4kvm_E_m11_a23.75_s1_0_-23.75_SC.pdb,0,0.4154299377238251,0,2.394334801698187
1_2cns_A_m10_a17.50_s1_0_-17.50_SC.pdb,0,8.365826248781362,0,0.11520279326511448
1_5icv_A_m7_a23.75_s1_0_-23.75_SC.pdb,0,-1.7167809819615891,0,1.1743226058886616
1_2cns_A_m9_a23.75_s1_0_-23.75_SC.pdb,0,-0.8725779289055526,0,-0.21201006913915188
1_2z0z_A_m10_a17.50_s1_0_-17.50_SC.pdb,0,3.2196451220479854,0,-0.6448403559936692
1_5icv_A_m12_a11.25_s1_0_-11.25_SC.pdb,0,10.428401219346753,0,0.4521122776205054
1_5isv_A_m11_a23.75_s1_0_-23.75_SC.pdb,0,17.01665330492531,0,-1.4614348472572383
1_4kvm_E_m9_a11.25_s1_0_-11.25_SC.pdb,0,6.73628505194241,0,0.5038820760780204
1_2x7b_A_m7_a5.00_s1_0_-5.00_SC.pdb,0,7.573297376586081,0,-1.6431697483527705
1_4kvm_E_m12_a11.25_s1_0_-11.25_SC.pdb,0,-0.9214429738652697,0,0.46948042778439686
1_3igr_A_m8_a17.50_s1_0_-17.50_SC.pdb,0,39.39884021808779,0,4.39675394118619
1_5hh0_A_m11_a17.50_s1_0_-17.50_SC.pdb,0,12.107787486033166,0,-0.14233227956054162
1_5hh0_A_m10_a5.00_s1_0_-5.00_SC.pdb,0,-0.4057636636621972,0,-1.1185500214492936
1_4pv6_A_m12_a23.75_s1_0_-23.75_SC.pdb,0,6.674182818019484,0,0.807975103236173
1_5icv_A_m9_a11.25_s1_0_-11.25_SC.pdb,0,7.0450040836074574,0,-0.4519359456354656
1_2x7b_A_m12_a17.50_s1_0_-17.50_SC.pdb,0,-0.03425014956054384,0,2.5497575259685092
1_5wjd_A_m12_a17.50_s1_0_-17.50_SC.pdb,0,2.9178408954461132,0,1.122754536742369
1_2cns_A_m10_a5.00_s1_0_-5.00_SC.pdb,0,14.116814858360373,0,-1.3502819361381366
1_5icv_A_m10_a5.00_s1_0_-5.00_SC.pdb,0,1.4938757280014623,0,-1.4483948663631334
1_2z0z_A_m8_a5.00_s1_0_-5.00_SC.pdb,0,0.000691587073065856,0,-2.293635622085363
1_4u9v_B_m9_a5.00_s1_0_-5.00_SC.pdb,0,4.6881739127244915,0,-1.368668141465004
1_2z0z_A_m11_a23.75_s1_0_-23.75_SC.pdb,0,14.926112700027065,0,0.894649251196839
1_3igr_A_m11_a11.25_s1_0_-11.25_SC.pdb,0,3.517418913523878,0,-0.23333387449835433
1_1s7l_A_m10_a11.25_s1_0_-11.25_SC.pdb,0,0.5471404312973657,0,-1.0997872326947116
1_1s7l_A_m10_a5.00_s1_0_-5.00_SC.pdb,0,8.069365968816708,0,-1.7257446220287938
1_2z0z_A_m9_a11.25_s1_0_-11.25_SC.pdb,0,23.977443794509323,0,-1.5864140546239753
1_5hh0_A_m8_a11.25_s1_0_-11.25_SC.pdb,0,3.1137341934066494,0,-0.6423681139660901
1_5wjd_A_m10_a11.25_s1_0_-11.25_SC.pdb,0,3.7726801681463527,0,2.1810190120538997
1_1s7l_A_m9_a17.50_s1_0_-17.50_SC.pdb,0,32.2798771667487,0,-0.350425624804596
1_4u9v_B_m9_a17.50_s1_0_-17.50_SC.pdb,0,3.0038173456154427,0,-0.19243112067704748
1_2z0z_A_m7_a5.00_s1_0_-5.00_SC.pdb,0,8.421616086874629,0,-2.4813667464603895
1_5hh0_A_m7_a11.25_s1_0_-11.25_SC.pdb,0,7.17858141890148,0,-0.5425976424924429
1_4pv6_A_m11_a11.25_s1_0_-11.25_SC.pdb,0,10.085539264383929,0,1.0181579945789676
1_5isv_A_m10_a17.50_s1_0_-17.50_SC.pdb,0,2.0607385720597797,0,-1.6433789748914482
1_5isv_A_m9_a17.50_s1_0_-17.50_SC.pdb,0,5.477432725202178,0,-1.2145285892116144
1_4pv6_A_m9_a5.00_s1_0_-5.00_SC.pdb,0,3.2983459413951954,0,0.3624050870795306
1_4pv6_A_m10_a5.00_s1_0_-5.00_SC.pdb,0,7.623803484079089,0,0.25149447174158157
1_4u9v_B_m12_a23.75_s1_0_-23.75_SC.pdb,0,8.075462136375444,0,2.2510109956817974
1_4pv6_A_m8_a11.25_s1_0_-11.25_SC.pdb,0,30.80700994254061,0,0.5020167917580506
1_2cns_A_m11_a23.75_s1_0_-23.75_SC.pdb,0,50.202231380396306,0,2.8164972527489174
1_1s7l_A_m7_a23.75_s1_0_-23.75_SC.pdb,0,-0.05872078945736109,0,0.9078051407903445
1_4u9v_B_m7_a23.75_s1_0_-23.75_SC.pdb,0,7.531298267234109,0,0.3155362915699378
1_5isv_A_m7_a23.75_s1_0_-23.75_SC.pdb,0,1.6488350632186974,0,5.215956986001384
1_3igr_A_m12_a23.75_s1_0_-23.75_SC.pdb,0,1.0230110227913496,0,2.83063035123212
1_2cns_A_m7_a5.00_s1_0_-5.00_SC.pdb,0,0.01294698938410238,0,-1.4430367660574122
1_4kvm_E_m11_a5.00_s1_0_-5.00_SC.pdb,0,0.13510706898075764,0,-0.339772979695121
1_2x7b_A_m7_a11.25_s1_0_-11.25_SC.pdb,0,7.152005771315258,0,-0.7029716077938821
1_5wjd_A_m11_a5.00_s1_0_-5.00_SC.pdb,0,8.08805226756064,0,0.13416847331213871
1_5k18_B_m12_a17.50_s1_0_-17.50_SC.pdb,0,4.66101112955144,0,1.8286359644457861
1_5isv_A_m10_a5.00_s1_0_-5.00_SC.pdb,0,4.723528222312191,0,-1.8418132172472566
1_4u9v_B_m11_a11.25_s1_0_-11.25_SC.pdb,0,31.99152221267502,0,-0.4716104479792022
1_5hh0_A_m12_a23.75_s1_0_-23.75_SC.pdb,0,24.15707803911101,0,0.803631598529655
1_3tfy_C_m12_a5.00_s1_0_-5.00_SC.pdb,0,7.971410533861763,0,-0.8861213554466695
1_5hh0_A_m11_a11.25_s1_0_-11.25_SC.pdb,0,4.324487282115827,0,-0.6618791316426864
1_2x7b_A_m12_a11.25_s1_0_-11.25_SC.pdb,0,22.204112622602253,0,0.11058007711162589
1_5hh0_A_m7_a5.00_s1_0_-5.00_SC.pdb,0,-1.002999140365058,0,-0.8933774399674159
1_5icv_A_m12_a17.50_s1_0_-17.50_SC.pdb,0,2.4560471647219,0,0.4109911600189782
1_1s7l_A_m8_a5.00_s1_0_-5.00_SC.pdb,0,23.305216936836384,0,-1.7961888414200333
1_5wjd_A_m9_a5.00_s1_0_-5.00_SC.pdb,0,20.485152514815674,0,2.1645898762389377
1_5icv_A_m10_a11.25_s1_0_-11.25_SC.pdb,0,3.103570342280648,0,-0.8636721095449702
1_4u9v_B_m12_a5.00_s1_0_-5.00_SC.pdb,0,6.2682488747000145,0,-1.1241474238731566
1_5hh0_A_m8_a5.00_s1_0_-5.00_SC.pdb,0,7.9588260897324234,0,-0.9899569063324033
1_2x7b_A_m10_a17.50_s1_0_-17.50_SC.pdb,0,17.61451584011068,0,0.6732822005281954
1_1s7l_A_m7_a5.00_s1_0_-5.00_SC.pdb,0,0.15243152832525628,0,-1.7934179220868331
1_2cns_A_m8_a5.00_s1_0_-5.00_SC.pdb,0,0.40988665521141265,0,-1.3726977569928744
1_5k18_B_m10_a11.25_s1_0_-11.25_SC.pdb,0,12.415693777082248,0,0.9375746439393775
1_3igr_A_m7_a17.50_s1_0_-17.50_SC.pdb,0,26.306653669663223,0,0.9041034658128947
